{"graph": {"_type": "graph-file", "path": "media/graph/graph_summary_b50a7fff.graph.json", "sha256": "b50a7fffb8eeb03873226734c593ddb15edbdc7a1a567a6e73de8d3add6e05df", "size": 1369}, "_step": 7, "val_loss": 0.39938196539878845, "accuracy": 0.8658757209777832, "_runtime": 40.22577714920044, "val_accuracy": 0.8555999994277954, "loss": 0.36522728204727173, "epoch": 7, "_timestamp": 1593457376.5287526, "best_val_loss": 0.39938196539878845, "best_epoch": 7}
