{"graph": {"_type": "graph-file", "path": "media/graph/graph_summary_b50a7fff.graph.json", "sha256": "b50a7fffb8eeb03873226734c593ddb15edbdc7a1a567a6e73de8d3add6e05df", "size": 1369}, "epoch": 9, "_timestamp": 1593458809.8050203, "loss": 0.30504098534584045, "_step": 9, "_runtime": 41.40522503852844, "val_accuracy": 0.8715999722480774, "accuracy": 0.8860129714012146, "val_loss": 0.3600708246231079, "best_val_loss": 0.3600708246231079, "best_epoch": 9}
