{"graph": {"_type": "graph-file", "path": "media/graph/graph_summary_b50a7fff.graph.json", "sha256": "b50a7fffb8eeb03873226734c593ddb15edbdc7a1a567a6e73de8d3add6e05df", "size": 1369}, "epoch": 9, "accuracy": 0.8834294676780701, "val_loss": 0.3882044851779938, "_runtime": 42.36489963531494, "loss": 0.30856359004974365, "_step": 9, "val_accuracy": 0.8636000156402588, "_timestamp": 1593459214.1293538, "best_val_loss": 0.3656591773033142, "best_epoch": 7}
